{"cameraMode":{"drawMode":0,"name":"Shaded","section":"Shading Mode"},"sceneLighting":false,"audioPlay":false,"sceneViewState":{"showFog":true,"showMaterialUpdate":false,"showSkybox":false,"showFlares":true,"showImageEffects":true,"showParticleSystems":true},"in2DMode":false,"pivot":{"x":0.16469691693782807,"y":-0.09565429389476776,"z":1.3262269496917725},"rotation":{"x":0.2688245177268982,"y":0.22144432365894319,"z":-0.06365276128053665,"w":0.9352243542671204},"size":1.7919508218765259,"orthographic":true}