{"cameraMode":{"drawMode":0,"name":"Shaded","section":"Shading Mode"},"sceneLighting":false,"audioPlay":false,"sceneViewState":{"showFog":true,"showMaterialUpdate":false,"showSkybox":false,"showFlares":true,"showImageEffects":true,"showParticleSystems":true},"in2DMode":false,"pivot":{"x":-0.009692266583442688,"y":-1.3144376277923585,"z":-0.2130850851535797},"rotation":{"x":0.2688245177268982,"y":0.22144432365894319,"z":-0.06365276128053665,"w":0.9352243542671204},"size":1.5457344055175782,"orthographic":true}